shopName,shopRegion,shopLocation
麦当劳(北京路店),越秀区,北京路商业区
麦当劳(人民中路店),越秀区,中山六路
麦当劳(丽都店),越秀区,北京路商业区
麦当劳(广百店),越秀区,北京路商业区
麦当劳(小北路店),越秀区,小北/淘金
麦当劳(三元里大道店),越秀区,三元里
麦当劳(信德商务大厦分店),越秀区,北京路商业区
麦当劳(农讲所星火分店),越秀区,北京路商业区
麦当劳(动漫星城店),越秀区,北京路商业区
麦当劳(国际大厦店),越秀区,环市东路/区庄
麦当劳(海印缤缤广场店),越秀区,海珠广场
麦当劳(一德路店),越秀区,沿江路/二沙岛
麦当劳(东风西路店),越秀区,康王路
麦当劳(宜安广场店),越秀区,小北/淘金
麦当劳(环市中路店),越秀区,环市东路/区庄
麦当劳(东方时代广场分店),越秀区,火车站/人民北路
麦当劳(解放北路店),越秀区,三元里
麦当劳(中唱大厦店),越秀区,三元里
麦当劳(英雄广场店),越秀区,中山二三路/东山口
麦当劳(杨箕分店),越秀区,东风东/杨箕
麦当劳(儿童公园店),越秀区,沿江路/二沙岛
麦当劳(捷泰店),越秀区,中山六路
麦当劳(龟岗大马路店),越秀区,中山二三路/东山口
麦当劳(较场西店),越秀区,中山二三路/东山口
麦当劳(先烈中路店),越秀区,环市东路/区庄
麦当劳(海印广场店),越秀区,沿江路/二沙岛
麦当劳(三元里大道第三店),越秀区,三元里
麦当劳(宝山大厦店),越秀区,区庄/动物园
麦当劳(江湾阳光天地店),越秀区,沿江路/二沙岛
麦当劳(五羊新城店),越秀区,五羊新城
麦当劳(王府井店),越秀区,东风东/杨箕
麦当劳(金融大厦店),越秀区,火车站/人民北路
麦当劳(二沙岛晴波路店),越秀区,沿江路/二沙岛
麦当劳（东川路店）-洗手间,越秀区,中华广场
麦当劳(人民中路分店)-洗手间,越秀区,上下九商业区
麦当劳广园西分店-停车场,越秀区,三元里
麦当劳(青宫店)-洗手间,越秀区,北京路商业区
麦当劳(广州白云山云山天地店),越秀区,麓湖公园
麦当劳(东沙大道健康港分店),荔湾区,荔湾区
麦当劳(和业广场店),荔湾区,中山七八路
麦当劳(东漖南路店),荔湾区,芳村
麦当劳(东急新天地店),荔湾区,上下九商业区
麦当劳(花地大道中第二分店),荔湾区,芳村
麦当劳(广钢新城分店),荔湾区,荔湾区
麦当劳(康王店),荔湾区,中山七八路
麦当劳(鹤洞路店),荔湾区,芳村
麦当劳(龙溪中路得来速店),荔湾区,芳村
麦当劳(中山八路二分店),荔湾区,中山七八路
麦当劳(西村店),荔湾区,西村/西场
麦当劳(芳村万象店),荔湾区,芳村
麦当劳(中山八路店),荔湾区,中山七八路
麦当劳(领展购物广场分店),荔湾区,领展购物广场
麦当劳(恩宁路店),荔湾区,上下九商业区
麦当劳(华厦康隆店),荔湾区,中山七八路
麦当劳(东漖北路店),荔湾区,芳村
麦当劳(大坦沙东海岸分店),荔湾区,坦尾/河沙
麦当劳(芳村店),荔湾区,芳村
麦当劳(宝华路店),荔湾区,上下九商业区
麦当劳(悦汇城店),荔湾区,西村/西场
麦当劳(华南影都店),荔湾区,西村/西场
麦当劳(沙面店),荔湾区,沙面
麦当劳(人民中路分店)-洗手间,荔湾区,上下九商业区
麦当劳(正佳广场店),天河区,天河路/体育中心
麦当劳(新天河路店),天河区,天河路/体育中心
麦当劳(华观路第二分店),天河区,小新塘
麦当劳(中泰广场店),天河区,天河北/广州东站
麦当劳(天河北路祥龙花园店),天河区,天河北/广州东站
麦当劳(富力盈凯店),天河区,花城汇/高德置地
麦当劳(龙洞2店),天河区,龙洞/岑村
麦当劳(正佳广场店),天河区,天河路/体育中心
麦当劳(广州东站二店),天河区,天河北/广州东站
麦当劳(体育东潮流站分店),天河区,正佳广场
麦当劳(黄埔大道西店),天河区,石牌/百脑汇
麦当劳(花城大道第三店),天河区,花城汇/高德置地
麦当劳(外经贸店),天河区,天河路/体育中心
麦当劳(天源路分店),天河区,天河客运站
麦当劳(华夏路店),天河区,珠江新城
麦当劳(昊胜大厦店),天河区,车陂/东圃
麦当劳(猎德大道店),天河区,珠江新城
麦当劳(优托邦店),天河区,兴盛路/跑马场
麦当劳(华忆百货店),天河区,石牌/百脑汇
麦当劳(花城大道华穗路店),天河区,珠江新城
麦当劳(珠江东路店),天河区,珠江新城
麦当劳(天娱广场店),天河区,石牌/龙口
麦当劳(五山路第二店),天河区,岗顶/龙口
麦当劳(都市广场店),天河区,天河公园/上社
麦当劳(东圃汇友苑店),天河区,车陂/东圃
麦当劳(华港分店),天河区,天河公园/上社
麦当劳(金穗路店),天河区,花城汇/高德置地
麦当劳(沙河店),天河区,沙河/天平架/梅花园
麦当劳(合景路店),天河区,小新塘
麦当劳(总统大酒店店),天河区,石牌/龙口
麦当劳(黄村大道路店),天河区,黄村/奥体
麦当劳(龙洞店),天河区,龙洞/岑村
麦当劳(中天购物城店),天河区,天河北/广州东站
麦当劳(今日广场店),天河区,天河路/体育中心
麦当劳(富力盈通店),天河区,珠江新城
麦当劳(花城大道第二店),天河区,珠江新城
麦当劳(东方宝泰广场店),天河区,天河北/广州东站
麦当劳(华观路DT店),天河区,龙洞/岑村
麦当劳(奥体南路店),天河区,黄村/奥体
麦当劳(富港大厦店),天河区,车陂/东圃
麦当劳(天河路第二店),天河区,石牌/龙口
麦当劳(太阳新天地店),天河区,兴盛路/跑马场
麦当劳(华景北路店),天河区,天河公园/上社
麦当劳(龙洞3店),天河区,龙洞/岑村
麦当劳(富力盈力店),天河区,珠江新城
麦当劳(中山大道中店),天河区,车陂/东圃
麦当劳(金田店),天河区,岗顶/龙口
麦当劳(燕岭路店),天河区,燕岭/五山
麦当劳(五山店),天河区,燕岭/五山
麦当劳(凤凰汇分店),天河区,龙洞/岑村
麦当劳(花城大道店),天河区,兴盛路/跑马场
麦当劳(伟城广场店),天河区,天河公园/上社
麦当劳McDonald's(太古汇店),天河区,石牌/龙口
麦当劳(广州天河珠江花城店),天河区,车陂/东圃
麦当劳(棠下店),天河区,天河公园/上社
麦当劳(粤垦路店),天河区,燕岭/五山
麦当劳(金茂广场店),天河区,沙河/天平架/梅花园
麦当劳(美林M·LIVE天地西座店),天河区,车陂/东圃
麦当劳甜品站(维多利广场店),天河区,天河路/体育中心
麦当劳(天河悦景路店),天河区,车陂/东圃
麦当劳甜品站(高德置地广场春广场店),天河区,珠江新城
M记汕头肠粉,天河区,龙洞/岑村
麦当劳(广州粤垦侨燕店),天河区,燕岭/五山
麦当劳(金纺城店),海珠区,新港西路沿线
麦当劳(宝岗店),海珠区,海珠区
麦当劳(官洲分店),海珠区,海珠区
麦当劳(沥滘路广州之窗分店),海珠区,海珠区
麦当劳(圣鑫商务中心店),海珠区,东晓南路沿线
麦当劳(会展中心一期店),海珠区,琶洲
麦当劳(东晓南店),海珠区,东晓南路沿线
麦当劳(海珠万达店),海珠区,海珠区
麦当劳(江南大道南店),海珠区,江南大道沿线
麦当劳(江南酒店店),海珠区,江南大道沿线
麦当劳(宝业路分店),海珠区,江南西
麦当劳(逸景路合生新天地店),海珠区,海珠区
麦当劳(唯品会总部大厦分店),海珠区,琶洲
麦当劳(东晓南路二店),海珠区,东晓南路沿线
麦当劳(万胜广场店),海珠区,琶洲
麦当劳(广州塔店),海珠区,客村/赤岗
麦当劳(新港中路店),海珠区,新港西路沿线
麦当劳(大塘湖景分店),海珠区,海珠区
麦当劳(市二宫创展分店),海珠区,江南大道沿线
麦当劳(会展中心二期店),海珠区,琶洲
麦当劳(金菊路店),海珠区,客村/赤岗
麦当劳(铭丰广场分店),海珠区,琶洲
麦当劳(环球贸易中心店),海珠区,琶洲
麦当劳(新港东路第五分店),海珠区,琶洲
麦当劳(昌岗中店),海珠区,工业大道沿线
麦当劳(名店城),海珠区,江南大道沿线
麦当劳(江燕路万科里店),海珠区,江南大道沿线
麦当劳(工业大道南店),海珠区,工业大道沿线
麦当劳(琶洲西欧派大厦分店),海珠区,琶洲
麦当劳(天幕广场店),海珠区,琶洲
麦当劳(新港西路店),海珠区,新港西路沿线
麦当劳(敦和店),海珠区,客村/赤岗
麦当劳(琶洲环汇广场店),海珠区,琶洲
麦当劳(石溪店),海珠区,工业大道沿线
麦当劳(百利广场店),海珠区,江南大道沿线
麦当劳(新港东店),海珠区,琶洲
麦当劳(富景店),海珠区,新港西路沿线
麦当劳(中船汇店),海珠区,工业大道沿线
麦当劳(广州新港东路第二分店),海珠区,琶洲
麦当劳(江湾路万国广场分店),海珠区,江南大道沿线
麦当劳甜品站(保利广场店),海珠区,琶洲
麦当劳甜品站(前进路店),海珠区,滨江路沿线
麦当劳(江南花园分店)-洗手间,海珠区,江南西
麦当劳圣诞节大型主题派对,海珠区,工业大道沿线
麦当劳（会展二期分店）-洗手间,海珠区,琶洲
麦当劳（敦和分店）-洗手间,海珠区,客村/赤岗
麦当劳叔叔的民宿(珠江南河南地区店),海珠区,江南西
麦当劳(广州宝地广场店),海珠区,琶洲
麦当劳(下渡路店),海珠区,滨江路沿线
麦当劳(沙步店),黄埔区,夏园
麦当劳(萝岗九龙大道DT分店),黄埔区,旺村/何棠下
麦当劳(黄埔潮楼名店城店),黄埔区,大沙地
麦当劳(开发区店),黄埔区,开发区西区
麦当劳(佛伦斯中心得来速分店),黄埔区,黄埔区
麦当劳(惠润广场店),黄埔区,大沙地
麦当劳(协亨广场店),黄埔区,开发区东区
麦当劳(创新大道纳米谷店),黄埔区,旺村/何棠下
麦当劳(海丝文体中心分店),黄埔区,旺村/何棠下
麦当劳(开源大道第二分店),黄埔区,中心城
麦当劳(尚城万科里店),黄埔区,生活区/南岗
麦当劳(丽港大厦店),黄埔区,大沙地
麦当劳(开萝大道店),黄埔区,中心城
麦当劳(科学大道天石汇店),黄埔区,科学城/萝岗高德汇
麦当劳(港湾路中远海运大厦店),黄埔区,大沙地
麦当劳(开泰大道得来速店),黄埔区,科学城/萝岗高德汇
麦当劳(广州黄埔东路第二分店),黄埔区,文冲
麦当劳(天鹿南路分店),黄埔区,联和联世广场
麦当劳(黄埔绿地缤纷城店),黄埔区,旺村/何棠下
麦当劳(黄埔东路店),黄埔区,生活区/南岗
麦当劳(东明三路中石化得来速店),黄埔区,中心城
麦当劳(凯得金融中心店),黄埔区,科学城/萝岗高德汇
麦当劳(萝岗敏捷广场店),黄埔区,中心城
麦当劳(开源大道东荟城DT店),黄埔区,中心城
麦当劳(萝岗开创大道店),黄埔区,萝岗万达广场
麦当劳(新业路GSFSDT店),黄埔区,永和镇
麦当劳(港航中心店),黄埔区,鱼珠
麦当劳(黄埔东路佳纷天地店),黄埔区,生活区/南岗
麦当劳(科翔路分店),黄埔区,科学城/萝岗高德汇
麦当劳(万科山景城得来速分店),黄埔区,永和镇
麦当劳(至泰广场店),黄埔区,萝岗万达广场
麦当劳(广州丰乐南路餐厅),黄埔区,大沙东
麦当劳-停车场,黄埔区,中心城
麦当劳(光明北得来速店),番禺区,番禺区
麦当劳(黄金大道得来速店),番禺区,番禺区
麦当劳(兴南大道分店),番禺区,长隆/南村
麦当劳(广州南站分店),番禺区,广州南站
麦当劳(富乐阳光里分店),番禺区,市桥
麦当劳(石北工业路店),番禺区,番禺区
麦当劳(中二横路店),番禺区,大学城
麦当劳(福愉西路可逸江畔分店),番禺区,市桥南
麦当劳(市新路得来速分店),番禺区,番禺区
麦当劳(大石城商业中心店),番禺区,大石
麦当劳(南环路得来速店),番禺区,石楼
麦当劳(德信路得来速分店),番禺区,市桥南
麦当劳(洛溪商业中心店),番禺区,洛溪
麦当劳(西环路店),番禺区,市桥南
麦当劳(番禺万达广场店),番禺区,长隆/南村
麦当劳(番禺宾馆店),番禺区,市桥
麦当劳(桥南路店),番禺区,市桥南
麦当劳(金海岸花园分店),番禺区,石碁
麦当劳(番禺易发商业街店),番禺区,市桥
麦当劳(番禺永旺梦乐城店),番禺区,番禺广场
麦当劳(番禺繁华路店),番禺区,市桥
麦当劳(汉溪大道东二分店),番禺区,长隆/南村
麦当劳(盛兴大街店),番禺区,番禺广场
麦当劳(石碁万佳汇店),番禺区,石碁
麦当劳(万博一路天河城分店),番禺区,长隆/南村
麦当劳(广州华南理工国际校区店),番禺区,长隆/南村
麦当劳(番禺信联大厦店),番禺区,市桥
麦当劳(迎星中路分店),番禺区,番禺区
麦当劳(大石2建华汇店),番禺区,大石
麦当劳(南站第二分店),番禺区,广州南站
麦当劳(星河湾海怡半岛分店),番禺区,厦滘
麦当劳(钟村店),番禺区,钟村
麦当劳(雄峰商城店),番禺区,钟村
麦当劳(梅山大道店),番禺区,长隆/南村
麦当劳(广州祈福交通中心店),番禺区,钟村
麦当劳(碧桂大道分店),番禺区,南浦
麦当劳(兴南大道得来速分店),番禺区,长隆/南村
麦当劳(亚运大道得来速分店),番禺区,石碁
麦当劳(星河湾商业街店),番禺区,长隆/南村
麦当劳(洛溪丽江得来速分店),番禺区,洛溪
麦当劳(锦绣香江得来速分店),番禺区,长隆/南村
麦当劳(北亭广场分店),番禺区,大学城
麦当劳(鸿福路分店),番禺区,钟村
麦当劳(迎宾路又一城店),番禺区,长隆/南村
麦当劳(信业悦都汇店),番禺区,番禺区
麦当劳(雅居乐剑桥郡得来速分店),番禺区,长隆/南村
麦当劳(信基玥岛创展中心店),番禺区,洛溪
麦当劳(誉瀛外街分店),番禺区,钟村
麦当劳(小谷围华南理工分店),番禺区,大学城
麦当劳(福德路店),番禺区,市桥南
麦当劳桥南路餐厅停车场,番禺区,市桥南
麦当劳-停车场,番禺区,番禺区
停车场(尚上名筑麦当劳),番禺区,石楼
麦当劳(大石万民城分店),番禺区,大石
麦当劳(人和店),白云区,嘉禾/人和
麦当劳(大源中路店),白云区,白云区
麦当劳(新市店),白云区,新市
麦当劳(安华汇店),白云区,白云大道沿线
麦当劳(黄石北路店),白云区,白云大道沿线
麦当劳(金沙洲路分店),白云区,罗冲围/金沙洲
麦当劳(大道北嘉裕太阳城分店),白云区,嘉裕太阳城
麦当劳(岭南新世界分店),白云区,嘉禾/人和
麦当劳(嘉禾店),白云区,嘉禾/人和
麦当劳(棠溪店),白云区,机场路沿线
麦当劳(西槎路店),白云区,同德围
麦当劳(白云城投大厦店),白云区,新市
麦当劳(石井店),白云区,石井
麦当劳(广州阁屏商务大厦店),白云区,白云大道沿线
麦当劳(同和圣地店),白云区,同和/京溪
麦当劳(黄石东路店),白云区,黄石
麦当劳(中唱大厦店),白云区,三元里
麦当劳(白云江高学苑路店),白云区,江高镇
麦当劳(三元里大道店),白云区,三元里
麦当劳(敏捷科创中心分店),白云区,太和镇
麦当劳(黄石路),白云区,新市
麦当劳(天津大厦店),白云区,广园新村
麦当劳(广州大道北店),白云区,同和/京溪
麦当劳(大源北路太和汇分店),白云区,太和镇
麦当劳(太和中路店),白云区,太和镇
麦当劳(石沙路石井国际广场店),白云区,石井
麦当劳(东平中路分店),白云区,嘉禾/人和
麦当劳(新生汇得来速分店),白云区,罗冲围/金沙洲
麦当劳(新市百信店),白云区,百信广场
麦当劳(江高店),白云区,江高镇
麦当劳(广从路庆达广场分店),白云区,钟落潭
麦当劳(西槎路聚龙分店),白云区,同德围
麦当劳(同德华悦大厦店),白云区,同德围
麦当劳(均禾大道得来速店),白云区,嘉禾望岗
麦当劳(广州大道北第三店),白云区,同和/京溪
麦当劳(松南路店),白云区,罗冲围/金沙洲
麦当劳(解放北路店),白云区,三元里
麦当劳(白云星悦商务广场店),白云区,嘉禾望岗
麦当劳(黄边设计之都店),白云区,黄边
麦当劳(三元里大道第三店),白云区,三元里
麦当劳(云城南路店),白云区,万达广场
麦当劳(广垦天河1号店),白云区,同和/京溪
麦当劳(云城东路云璟汇餐厅店),白云区,白云绿地中心
麦当劳(增槎路金广电大厦店),白云区,罗冲围/金沙洲
麦当劳(三元里大道餐厅),白云区,机场路沿线
麦当劳(天津大厦店),白云区,广园新村
麦当劳甜品站(雄州城店),白云区,同和/京溪
麦当劳甜品站(百信广场店),白云区,机场路沿线
M记糖水铺(强盛商务大厦店),白云区,黄石
麦当劳广园西分店-停车场,白云区,三元里
麦当劳(新市分店)-洗手间,白云区,机场路沿线
麦当劳停车场,白云区,罗冲围/金沙洲
麦当劳(增城敏捷东樾府得来速分店),增城区,增城区
麦当劳(府佑路店),增城区,东汇城/人人乐
麦当劳(广深大道得来速第二分店),增城区,新塘
麦当劳(增城西城路店),增城区,挂绿广场/泰富广场
麦当劳(增城港口大道北分店),增城区,新好景/大润发
麦当劳(新新大道岗丰店),增城区,新塘
麦当劳(增城挂绿店),增城区,挂绿广场/泰富广场
麦当劳(新城大道豪园得来速店),增城区,增城区
麦当劳(新塘国际店),增城区,新塘
麦当劳(增城万科城得来速分店),增城区,增城区
麦当劳(新塘海日中心店),增城区,新塘
麦当劳(荔乡路星潮泰广场分店),增城区,荔城
麦当劳(增派大道佰乐广场店),增城区,佰乐广场
麦当劳(新塘客运站店),增城区,新塘
麦当劳(新塘万达广场分店),增城区,永和镇
麦当劳(增城万达广场店),增城区,荔城
麦当劳(凤凰城得来速店),增城区,新塘
麦当劳(东华得来速分店),增城区,新塘
麦当劳(增城新沙大道得来速分店),增城区,新塘
麦当劳(环城路童伴荟得来速分店),增城区,新塘
麦当劳(增江广场店),增城区,荔城
麦当劳(华立学院分店),增城区,增城区
麦当劳(合景得来速店),增城区,永和镇
麦当劳(凤凰北路广汇天地分店),增城区,新塘大润发/新好景
麦当劳(新业路GSFSDT店),增城区,永和镇
麦当劳(新塘东江首府得来速店),增城区,新塘
麦当劳(增城恒展江山时代得来速店),增城区,朱村镇
麦当劳(增城万汇广场得来速店),增城区,沙埔镇
麦当劳(增城大道得来速店),增城区,朱村镇
麦当劳(陈家林路店),增城区,凤凰城
麦当劳(朱村大道荔富湖畔分店),增城区,朱村镇
麦当劳(侨建御溪谷分店),增城区,中新镇
麦当劳(新塘官湖星图得来速店),增城区,新塘
麦当劳(仙村得来速店),增城区,沙埔镇
麦当劳(环宇广场店),增城区,新塘
麦当劳(万科山景城得来速分店),增城区,永和镇
麦当劳-停车场,增城区,新塘
麦当劳(云山大道店),花都区,新世纪广场
麦当劳(花都公益路店),花都区,花都广场/区政府
麦当劳(风神大道分店),花都区,花都区
麦当劳(天马丽苑店),花都区,花都区
麦当劳(花都建设北路第二店),花都区,建设北路
麦当劳(祈福万景峰分店),花都区,北站/建设路
麦当劳(花都宝华路店),花都区,花都体育馆/花果山公园
麦当劳(狮岭合成店),花都区,狮岭
麦当劳(花都嘉华广场店),花都区,白云国际机场
麦当劳(花都建设路店),花都区,新世纪广场
麦当劳(星港国际得来速分店),花都区,莲塘
麦当劳(永利路店),花都区,雅瑶
麦当劳(骏壹万邦店),花都区,骏壹万邦
麦当劳(广州白云机场T1分店),花都区,白云国际机场
麦当劳(凤凰北路店),花都区,融创茂
麦当劳(北飞粤大道得来速店),花都区,白云国际机场
麦当劳(龙珠路店),花都区,来又来/大润发
麦当劳(白云机场二号航站楼一分店),花都区,白云国际机场
麦当劳(花都天贵路得来速店),花都区,花都体育馆/花果山公园
麦当劳(雅悦城分店),花都区,雅居乐锦城/保利花城
麦当劳(学府路麦当劳餐厅店),花都区,狮岭
麦当劳(白云机场第二航站区二店),花都区,白云国际机场
麦当劳(市南路得来速店),南沙区,东涌镇
麦当劳(兴业路店),南沙区,大岗
麦当劳(金隆路时代云图店),南沙区,板头
麦当劳(庐前山南路分店),南沙区,黄阁镇
麦当劳(广场路店),南沙区,榄核镇
麦当劳(南沙金洲店),南沙区,华汇广场
麦当劳(南沙美麓一街分店),南沙区,南沙区
麦当劳(虎门大桥南得来速店),南沙区,南沙区
麦当劳(南沙中海环宇城店),南沙区,金州商业区
麦当劳(进港大道南沙城分店),南沙区,金州商业区
麦当劳(南沙星河店),南沙区,金州商业区
麦当劳(尚品国际得来速分店),南沙区,华汇广场
麦当劳(虎门大桥北得来速分店),南沙区,南沙区
麦当劳(从化新世纪广场店),从化区,街口/新世纪广场
麦当劳(从化从城大道店),从化区,江埔
麦当劳(时代印象分店),从化区,太平镇/太平商业街
麦当劳(从化从城大道远达广场分店),从化区,欣荣广场
麦当劳(京港澳高速瓦窑岗东区),从化区,鳌头/旗杆
麦当劳(温泉东路餐厅店),从化区,温泉镇
